Representative,Chimeric.Count,Chimeric.Percentage,Enriched1_Enriched_lib_simulated_ccs.Count,Enriched1_Enriched_lib_simulated_ccs.Percentage,Ratio_En1Enriched_lib_simulated_ccs_Chim,Sequence
AAV.100108_57,5,20.83,0,0,0,ATGGCTGCCGATGGTTATCTTCCAGATTGGCTCGAGGACAACCTCTCTGAGGGCATTCGCGAGTGGTGGGACTTGAAACCTGGAGCCCCGAAACCCAAAGCCAACCAGCAAAAGCAGGACGACGGCCGGGGTCTGGTGCTTCCTGGCTACAAGTACCTCGGACCCTTCAACGGACTCGACAAGGGGGAGCCCGTCAACGCGGCGGATGCAGCGGCCCTCGAGCACGACAAGGCCTACGACCAGCAGCTCAAAGCGGGTGACAATCCGTACCTGCGGTATAACCACGCCGACGCCGAGTTTCAGGAGCGTCTGCAAGAAGATACGTCTTTTGGGGGCAACCTCGGGCGAGCAGTCTTCCAGGCCAAGAAGAGGGTTCTCGAACCTTTTGGTCTGGTTGAGGAAGGTGCTAAGACGGCTCCTGGAAAGAAACGTCCGGTAGAGCAGTCGCCACAAGAGCCAGACTCCTCCTCGGGCATTGGCAAGACAGGCCAGCAGCCCGCTAAAAAGAGACTCAATTTTTGGTCAGACTGGCTGACTCAGAGTCAGTCCCCCGATCCACCAACCTCTCGGAGAACCTCCAGCAACCCCCGCTGCTGTGGGACCTACTACAATGGCTTCAGGCGGTGGGCGCACCAATGGCAGACAATAACGAGGGCGCCGACGGAGTGGGTAATTCCTCGGGAAATTGGCATTGCGATTCCACATGGATGGGCGACAGAGTCATCACCACCAGCACCCGAACCTGGGCCCTGCCCACCTACAACAACCACCTCTACAAACAAATTTCCAGCCAATCAGGAGCCTCGAACGACAATCACTACTTTGGCTACAGCACCCCTTGGGGGTATTTTGACTTCAACAGATTCCACTGCCACTTTTCACCACGTGACTGGCAAAGACTCATCAACAACAACTGGGGATTCCGACCCAAGAGACTCAACTTCAAGCTCTTTAACATTCAAGTCAAAGAGGTCACGCAGAAACGAAGGCACCAAGACCATCGCCAATAATCTCACCAGCACCGTGCAGGTCTTTACGGACTCGGAGTACCAGTTACCGTACGTGCTAGGATCCGCTCACCAGGGATGTCTGCCTCCGTTCCCGGCGGACGTCTTCATGGTTCCTCAGTACGGCTATTTAACTTTAAACAATGGAAGCCAAGCCCTGGGACGTTCCTCCTTCTACTGTCTGGAGTATTTCCCATCGCAGATGCTGAGAACCGGCAACAACTTTCAGTTCAGCTACACCTTCGAGGACGTGCCTTTCCACAGCAGCTACGCGCACAGCCAGAGCCTGGACAGGCTGATGAATCCCCTCATCGACCAGTACCTGTACTACCTGGTCAGAACGCAAACGACTGGAACTGGAGGGACGCAGACTCTGGCATTCAGCCAAGCGGGTCCTAGCTCAATGGCCAACCAGGCTAGAAATTGGGTGCCCGGACCTTGCTACCGGCAGCAGCGCGTCTCCACGACAACCAACCAGAACAACAACAGCAACTTTGCCTGGACGGGAGCTGCCAAGTACCACCTCAATGGCAGAGACTCTCTGGTGAATCCGGGCCCGGCCATGGCAAGCCACAAGGACGATGAAGAAAAGTTTTTTCCTCAGAGCGGGGTTCTCATCTTTGGGAAGCAAGGCTCAGAGAAAACAAATGTGGACATTGAAAAGGTCATGATTACAGACGAAGAGGAAATCAGGACAACCAATCCCGTGGCTACGGAGCAGTATGGTTCTGTATCTACCAACCTCCAGAGAGGCAACAGACAAGCAGCTACCGCAGATGTCAACACACAAGGCGTTCTTCCAGGCATGGTCTGGCAGGACAGAGATGTGTACCTTCAGGGGCCCATCTGGGCAAAGATTCCACACACGGACGGACATTTTCACCCCTCTCCCCTCATGGGTGGATTCGGACTTAAACACCCTCCTCCACAGATTCTCATCAAGAACACCCCGGTACCTTGCGAATCCTCCGGCAGAGTTTTCGGCTACAAAGTTTGCTTCATTCATCACCCAGTATTCCACAGGACAAGTGAGCGTGGAGATTGA
AAV.100042_29,2,8.33,0,0,0,ATGACTGACGGTTACCTTCCAGATTGGCTAGAGGACAACCTCTCTGAAGGCGTTCGAGAGTGGTGGGCGCTGCAACCTGGAGCCCCTAAACCCAAGGCAAATCAACAACATCAGGACAACGCTCGGGGTCTTGTGCTTCCGGGTTACAAATACCTCGGACCCGGCAACGGACTTGACAAGGGGGAACCCGTCAACGCAGCGGACGCGGCAGCCCTCGAACACGACAAGGCCTACGACCAGCAGCTCAAGGCCGGTGACAACCCCTACCTCAAGTACAACCACGCCGACGCCGAGTTTCAGGAGCGTCTTCAAGAAGATACGTCTTTTGGGGGCAACCTCGGACGAGCAGTCTTCCAGGCCAAAAAGAGGATCCTTGAGCCTCTGGGTCTGGTTGAGGAAGCGGCTAAGACGGCTCCTGGAAAAAAGAGACCTGTAGAGCAATCTCCAGCAGAACCGGACTCCTCTTCGGGCATCGGCAAATCAGGCCAGCAGCCCGCTAGAAAAAGACTGAATTTTGGTCAGACTGGCGACACAGAGTCAGTCCCAGACCCTCAACCACTCGGACAACCTCCCGCAGCCCCCTCTGGTGTGGGATCTACTACAATGGCTTCAGGCGGTGGCGCACCAATGGCAGACAATAACGAGGGTGCCGATGGAGTGGGTAATTCCTCAGGAAATTGGGCATTGCGATTCCACATGGATGGGCGACAGAGTCATCACCACCAGCACCCGAACCTGGGCCCTGCCCACCTACAACAACCACCTCTACAAACAAATTTCCAGCCAATCAGGAGCCTCGAACGACAATCACTACTTTGGCTACAAGCACCCCCTGGGGGTATTTTGACTTCAACAGATTCCACTGCCACTTCTCACCACGTGACTGGCAGCGACTCATCAACAACAACTGGGGATTCCGGCCTAAGCGACTCAACTTCAAGCTCTTCAACATTCAGGTCAAAGAGGTTACGGACAACAATGGAGTCAAGACCATCGCCAATAACCTTACCAGCACGGTCCAGGTCTTCACGGACTCAGACTATCAGCTCCCGTACGTGCTCGGGTCGGCCTCACCAGGGATGTCTGCCTCCGTTCCCGGCGGACGTCTTCATGGTTCCTCAGTACGGCTATTTAACTTTAAACAATGGAAGCCAAGCCCTGGGACGTTCCTCCTTCTACTGTCTGGAGTATTTCCCATCGCAGATGCTGAGAACCGGCAACAACTTTCAGTTCAGCTACACCTTCGAGGACGTGCCTTTCCACAGCAGCTACGCGCACAGCCAGAGCCTGGACAGGCTGATGAATCCCCTCATCGACCAGTACCTGTACTACCTGGTCAGAACGCAAACGACTGGAACTGGAGGGACGCAGACTCTGGCATTCAGCCAAGCGGGTCCTAGCTCAATGGCCAACCAGGCTAGAAATTGGGTGCCCGGACCTTGCTACCGGCAGCAGCGCGTCTCCACGACAACCAACCAGAACAACAACAGCAACTTTGCCTGGACGGGAGCTGCCAAGTTTAAGCTGAACGGCCGAGACTCTCTAATGAATCCGGGCGTGGCAATGGCTTCCCACAAGGATGACGACGACCGCTTCTTCCCTTCGAGCGGGGTCCTGATTTTTGGCAAGCAAGGAGCCGGAAGAGACAACGTGGATGCGGACAAAGTCATGATAACCAACGAAGAAGAAATTAAAACTACTAACCCGGTAGCAACGGAGTCCTATGGACAAGTGGCCACAAACCACCAGAGTGCCCAAGCACAGGCGCAGACCGGCTGGGTTCAAAACCAAGGAATACTTCCGGGTATGGTTTGGCAGGACAGAGATGTGTACCTGCAAGGACCCATTTGGGCCAAAATTCCTCACACGGACGGCAACTTTCACCCTTCTCCGCTGATGGGAGGGTTTGGAATGAAGCACCCGCCTCCTCAGATCCTCATCAAAAACACACCTGTACCTGCGGATCCTCCAACGGCCTTCAACAAGGACAAGCTGAACTCTTTCATCACCCAGTATTCTACTGGCCAAGTCAGCGTGGAGATCGAGTGGGAGCTGCAGAAGGAAAACAGCAAGCGCTGGAACCCGGAGATCCAGTACACTTCCAACTATTACAAGTCTAATAATGTTGAATTTGCTGTTAATACTGAAGGTGTATATAGTGAACCCCGCCCCATTGGCACCAGATACCTGACTCGTAATCTGTAA
AAV.100121_51,2,8.33,0,0,0,ATGGCTGCCGATGGTTATCTTCCAGATTGGCTCGAGGACAACCTCTCTGAGGGCATTCGCGAGTGGTGGGACTTGAAACCTGGAGCCCCGAAACCCAAAGCCAACCAGCAAAAGCAGGACGACGGCCGGGGTCTGGTGCTTCCTGGCTACAAGTACCTCGGACCCTTCAACGGACTCGACAAGGGGGAGCCCGTCAACGCGGCGGACGCAGCGGCCCTCGAGCACGACAAAGCCTACGACCAGCAGCTCAAAGCGGGTGACAATCCGTACCTGCGGTATAATCACGCCGACGCCGAGTTTCAGGAGCGTCTGCAAGAAGATACGTCTTTTGGGGGCAACCTCGGGCGAGCAGTCTTCCAGGCCAAGAAGCGGGTTCTCGAACCTCTCGGTCTGGTTGAGGAAGGCGCTAAGACGGCTCCTGGAAAGAAGAGACCGGTAGAGCAGTCGCCACAAGAGCCAGACTCCTCCTCGGGCATCGGCAAGACAGGCCAGCAGCCCGCTAAAAAGAGACTCAATTTTGGTCAGACTGGCGACTCAGAGTCAGTCCCCGACCCACAACCTCTCGGAGAACCTCCAGCAACCCCCGCTGCTGTGGGACCTACTACAATGGCTTCAGGCGGTGGCGCACCAATGGCAGACAATAACGAAGGCGCCGACGGAGTGGGTAATGCCTCAGGAAATTGGCATTGCGATTCCACATGGCTGGGCGACAGAGTCATCACCACCAGCACCCGAACATGGGCCTTGCCCACCTATAACAACCACCTCTACAAGCAAATCTCCAGTGCTTCAACGGGGGCCAGCAACGACAACCACTACTTCGGCTACAGCACCCCCTGGGGGTATTTTGATTTCAACAGATTCCACTGCCATTTCTCACCACGTGACTGGCAGCGACTCATCAACAACAATTGGGGATTCCGGCCCAAGAGACTCAACTTCAAGCTCTTCAACATCCAAGTCAAGGAGGTCACGACGAATGATGGCGTCACGACCATCGCTAATAACCTTACCAGCACGGTTCAAGTCTTCTCGGACTCGGAGTACCAGTTGCCGTACGTCCTCGGCTCTGCGCACCAGGGCTGCCTCCCTCCGTTCCCGGCGGACGTGTTCATGATTCCGCAGTACGGCTACCTAACGCTCAACAATGGCAGTCAGGCAGTAGGACGCTCTTCATTTTACTGCCTGGAGTACTTTCCTTCTCAGATGCTGCGTACCGGAAACAACTTTACCTTCAGCTACACTTTTGAGGACGTTCCTTTCCACAGCAGCTACGCTCACAGCCAGAGTCTGGACCGTCTCATGAATCCTCTCATCGACCAGTACCTGTATTACTTGAGCAGAACAAACACTCCAAGTGGAACCACCACGCAGTCAAGGCTTCAGTTTTCTCAGGCCGGAGCGAGTGACATTCGGGACCAGTCTAGGAACTGGCTTCCTGGACCCTGTTACCGCCAGCAGCGAGTATCAAAGACATCTGCGGATAACAACAACAGTGAATACTCGTGGACTGGAGCTACCAAGTACCACCTCAATGGCAGAGACTCTCTGGTGAATCCGGGCCCGGCCATGGCAAGCCACAAGGACGATGAAGAAAAGTTTTTTCCTCAGAGCGGGGTTCTCATCTTTGGGAAGCAAGGCTCAGAGAAAACAAATGTGGACATTGAAAAGGTCATGATTACAGACGAAGAGGAAATCAGGACAACCAATCGCCGTGGCTACGGAGCAGTATGGTTCTGTAGGCAGTCAATTTCCAGAGCAGCAGCACAGACCCTGCGACCGGAGATGTGCATGCTATGGGAGCATTACCTGGCATGGTGTGGCAAGATAGAGACGTGTACCTGCAGGGTCCCATTTGGGCCAAAATTCCTCACACAGATGGACACTTTCACCCGTCTCCTCTTATGGGCGGCTTTGGACTCAAGAACCCGCCTCCTCAGATCCTCATCAAAAACACGCCTGTTCCTGCGAATCCTCCGGCGGAGTTTTCAGCTACAAAGTTTGCTTCATTCATCACCCAATACTCCACAGGACAAGTGA
AAV.100015_1,2,8.33,0,0,0,ATGGCTGCCGATGGTTATCTTCCAGATTGGCTCGAGGACAACCTCTCTGAGGGCATTCGCGAGTGGTGGGACTTGAAACCTGGAGCCCCGAAGCCCAAAGCCAACCAGCAAAAGCAGGACGACGGCCGGGGTCTGGTGCTTCCTGGCTACAAGTACCTCGGACCCTTCAACGGACTCGACAAGGGGGAGCCCGTCAACGCGGCGGACGCAGCGGCCCTCGAGCACGACAAGGCCTACGACCAGCAGCTCAAAGCGGGTGACAATCCGTACCTGCGGTATAACCACGCCGACGCCGAGTTTCAGGAGCGTCTGCAAGAAGATACGTCTTTTGGGGGCAACCTCGGGCGAGCAGTCTTCCAGGCCAAGAAGCGGGTTCTCGAACCTCTCGGTCTGGTTGAGGAAGGCGCTAAGACGGCTCCTGGAAAGAAACGTCCGGTAGAGCAGTCGCCACAAGAGCCAGACTCCTCCTCGGGCATCGGCAAGACAGGCCAGCAGCCCGCTAAAAAGAGACTCAATTTTGGTCAGACTGGAGACGCAGACTCAGTACCTGACCCCCAGCCTCTCGGACAGCCACCAGCAGCCCCCTCTGGTCTGGGAACTAATACGATGGCTACAGGCAGTGGCGCACCAATGGCAGACAATAACGAGGGCGCCGACGGAGTGGGTAATTCCTCGGGAAATTGGCATTGCGATTCCACATGGATGGGCGACAGAGTCATCACCACCAGCACCCGAACCTGGGCCCTGCCCACCTACAACAACCACCTCTACAAACAAATTTCCAGCCAATCAGGAGCCTCGAACGACAATCACTACTTTGGCTACAGCACCCCTTGGGGGTATTTTGACTTCAACAGATTCCACTGCCACTTTTCACCACGTGACTGGCAAAGACTCATCAACAACAACTGGGGATTCCGACCCAAGAGACTCAACTTCAAGCTCTTTAACATTCAAGTCAAAGAGGTCACGCAGAATGACGGTACGACGACGATTGCCAATAACCTTACCAGCACGGTTCAGGTGTTTACTGACTCGGAGTACCAGCTCCCGTACGTCCTCGGCTCGGCGCATCAAGGATGCCTCCCGCCGTTCCCAGCAGACGTCTTCATGGTGCCACAGTATGGATACCTCACCCTGAACAACGGGAGTCAGGCCGTGGGACGCTCCTCCTTCTACTGCCTGGAATACTTTCCTTCGCAGATGCTGAGAACCGGCAACAACTTCCAGTTTACTTACACCTTCGAGGACGTGCCTTTCCACAGCAGCTACGCCCACAGCCAGAGCTTGGACCGGCTGATGAATCCTCTGATTGACCAGTACCTGTACTACTTGTCTCGGACTCAAACAACAGGAGGCACGGCAAATACGCAGACTCTGGGCTTCAGCCAAGGTGGGCCTAATACAATGGCCAATCAGGCAAAGAACTGGCTGCCAGGACCCTGTTACCGCCAACAACGCGTCTCAACGACAACCGGGCAAAACAACAATAGCAACTTTGCCTGGACTGCTGGGACCAAATACCATCTGAATGGAAGAAATTCATTGGCTAATCCTGGCATCGCTATGGCAACACACAAAGACGACGAGGAGCGTTTTTTTCCCAGTAACGGGATCCTGATTTTTGGCAAACAAAATGCTGCCAGAGAGCAATGCGGATTACAGCGATGTCATGCCTCACCAGCGAGGAAGAAATCAAAACCACTAACCCTGTGGCTACAGAGGAATACGGTATCGTGGCAGATAACTTGCAGCAGCAAAACACGGCTCCTCAAATTGGAACTGATCAACAGCCAGGGGGCTTCTTCCAGGCATGGTCTGGCAGGACAGAGATGTGTACCTTCAGGGGCCCATCTGGGCAAAGATTCCACACACGGACGGACATTTTCACCCCTCTCCCCTCATGGGTGGATTCGGACTTAA
AAV.100129_31,2,8.33,0,0,0,ATGGCTGCCGATGGTTATCTTCCAGATTGGCTCGAGGACAACCTCTCTGAGGGCATTCGCGAGTGGTGGGACTTGAAACCTGGAGCCCCGAAACCCAAAGCCAACCAGCAAAAGCAGGACGACGGCCGGGGTCTGGTGCTTCCTGGCTACAAGTACCTCGGACCCTTCAACGGACTCGACAAGGGGGAGCCCGTCAACGCGGCGGACGCAGCGGCCCTCGAGCACGACAAAGCCTACGACCAGCAGCTCAAAGCGGGTGACAATCCGTACCTGCGGTATAATCACGCCGACGCCGAGTTTCAGGAGCGTCTGCAAGAAGATACGTCTTTTGGGGGCAACCTCGGGCGAGCAGTCTTCCAGGCCAAGAAGCGGGTTCTCGAACCTCTCGGTCTGGTTGAGGAAGGCGCTAAGACGGCTCCTGGAAAGAAGAGACCGGTAGAGCAGTCGCCACAAGAGCCAGACTCCTCCTCGGGCATCGGCAAGACAGGCCAGCAGCCCGCTAAAAAGAGACTAAATTTCGGTCAGACTGGAGACTCAGAGTCAGTCCCAGACCCTCAACCTCTCGGAGAACCACCAGCAGCCCCCACAAGTTTGGGATCTAATACAATGGCTTCAGGCGGTGGCGCACCAATGGCAGACAATAACGAGGGTGCCGATGGAGTGGGTAATTCCTCAGGAAATTGGCATTGCGATTCCCAATGGCTGGGCGACAGAGTCATCACCACCAGCACCAGAACCTGGGCCCTGCCCACTTACAACAACCATCTCTACAAGCAAATCTCCAGCCAATCAGGAGCTTCAAACGACAACCACTACTTTGGCTACAGCACCCCTTGGGGGTATTTTGACTTTAACAGATTCCACTGCCACTTCTCACCACGTGACTGGCAGCGACTCATTAACAACAACTGGGGATTCCGGCCCAAGAAACTCAGCTTCAAGCTCTTCAACATCCAAGTTAGAGGGGTCACGCAGAACGATGGCACGACGACTATTGCCAATAACCTTACCAGCACGGTTCAAGTGTTTACGGACTCGGAGTATCAGCTCCCGTACGTGCTCGGGTCGGCGCACCAAGGCTGTCTCCCGCCGTTTCCAGCGGACGTCTTCATGGTCCCTCAGTATGGATACCTCACCCTGAACAACGGAAGCCAGGCAGTGGGACGGTCATCCTTTTACTGCCTGGAATATTTCCCATCGCAGATGCTGAGAACGGGCAATAACTTTACCTTCAGCTACACCTTCGAGGACGTGCCTTTCCACAGCAGCTACGCGCACAGCCAGAGCCTGGACCGGCTGATGAATCCTCTCATCGACCAGTACCTGTATTACCTGAACAGAACTCAGAATCAGTCCGGAAGTGCCCAAAACAAGGACTTGCTGTTTAGCCGGGGGTCTCCAGCTGGCATGTCTGTTCAGCCCAAAAACTGGCTACCTGGACCCTGTTACCGGCAGCAGCGCGTTTCTAAAACAAAAACAGACAACAACAACAGCAACTTTACCTGGACTGGTGCTTCAAAATATAACCTTAATGGGCGTGAATCTATAATCAACCCTGGCACTGCTATGGCCTCACACAAAGACGACAAAGACAAGTTCTTTCCCATGAGCGGTGTCATGATTTTTGGAAAGGAGAGCGCCGGAGCTTCAAACACTGCATTGGACAATGTCATGATCACAGACGAAGAGGAAATCAAAGCCACTAACCCCGTGGCCACCGAAAGATTTGGGACTGTGGCAGTCAATCTCCAGAGCAGCAGCACAGACCCTGCGACCGGAGATGTGCATGTTATGGGAGCCTTACCTGGAATGGGTGTGGCAAGACAGAGACGTATACCTGCAGGGTCCTATTTGGGCCAAAATTCCTCACACGGATGGACACTTTCACCCGTCTCCTCTCATGGGCGGCTTTGGACTTAA
AAV.100271_10,2,8.33,0,0,0,ATGACTGACGGTTACCTTCCAGATTGGCTAGAGGACAACCTCTCTGAAGGCGTTCGAGAGTGGTGGGCGCTGCAACCTGGAGCCCCTAAACCCAAGGCAAATCAGACAACATCAGGACAACGCTCGGGGTCTTGTGCTTCCGGGTTACAAATACCTCGGACCCGGCAACGGGACTTGACAAGGGGGAACCCGTCAACGCAGCGGACGCGGCAGCCCTCGAACACGACAAGGCCTACGACCAGCAGCTCAAGGCCGGTGACAACCCCTACCTCAAGTACAACCACGCCGACGGCCGAGTTTCAGGAGCGTCTTCAAGAAGATACGTCTTTTGGGGGCAACCTCGGACGAGCAGTCTTCCAGGCCAAAAAGAGGATCCTTGAGCCTCTGGGTCTGGTTGAGGAAGCGGCTAAGACGGCTCCTGGAAAAAAGAGACCTGTAGAGCAATCTCCAGCAGAACCGGACTCCTCTTCGGGCATCGGCAAATCAGGCCAGCAGCCCGCTAGAAAAAGACTGAATTTTGGTCAGACTGGCGACACAGAGTCAGTCCCAGACCTCAACCACTCGGACAACCTCCCGCAGCCCCCTCTGGTGTGGGATCTACTACAATGGCTTCAGGCGGTGGCGCACCAATGGCAGACAATAACGAGGGTGCCGATGGAGTGGGTAATTCCTCAGGAAAATTGGCATTGCGATTCCACATGGCTGGGGGACAGAGTCATCACCACCAGCACCCGAACCTGGGCCCTGCCCACCTACAACAACCACCTCTACAAGCAAATCTCCAACGGCACCTCGGGAGGAAGCACCAACGACAACAACCTATTTTGGCTTACAGCACCCCCTGGGGGTATTTTGACTTTAACAGATTCCACTGCCACTTTTCACCACGTGACTGGCAGCGACTCATCAACAACAACTGGGGATTCCGGCCCAAGAGACTCAGCTTCAAGCTCTTCAACATCCAGGTCAAGGAGGTCACGCAGAATGAAGGCACCAAGGACCATCGCCAATAACCTCACCAGCACCATCCAGGTGTTTACGGACCTCGGAGTACCAGCTGCCGTACGTTCTCGGCTCTGGGGACCGAGGGATGCCTGCCGGCCTTCCCTCCGCAGGTCTTTACGCTGCCGCAGTACGTGTTACGCGACGCTGAACCGCGACAACACAGAAAATCCCACCGAGAGGAGCAGCTTCTTCTGCCTAGAGTACTTTCCCAGCAAGATGCTGAGAACGGGCAACAACTTTGAGTTTACCTACAACTTTGAGGAGGTGCCCTTCCACTCCAGCTTCGCTCCCAGTCAGAACCTGTTCAAGCTGGCCAACCCGCTGGTGGACCAGTACTTGTACCGCTTCGTGAGCACAAATAACACTGGCGGAGTCCAGTTCAACAAGAACCTGGCCGGGAGATACGCCAACACCTACAAAAACTGGTTCCCGGGGCCCATGGGCCGAACCCAGGGCTGGAACCTGGGCTCCGGGGTCAACCGCGCCAGTGTCAGCGCCTTCGCCACGACCAATAGGATGGAGCTCGAGGGCGCGAGTTACCAGGTGCCCCCGCAGCCGAACGGCATGACCAACAACCTCCAGGGCAGCAACACCTATGCCCTGGAGAACACTATGATCTTCAACAGCCAGCCGGCGAACCCGGGCACCACCGCCACGTACCTCGAGGGCAACATGCTCATCACCAGCGAGAGCGAGACGCAGCCGGTGAACCGCCGTGGCTACGGAGCAGTATGGTTCTGTATCTACCAACCTCCAGAGAGGCAACAGACAAGCAGCTACCGCAGATGTCAACACACAAGGCGTTCTTCCAGGCATGGTCTGGCAGGACAGAGATGTGTACCTTCAGGGGCCCATCTGGGCAAAGATTCCCTCACACGGACGGCAACTTTCACCCGTCTCCCCTGA
AAV.100172_36,1,4.17,0,0,0,ATGTCTTTTGTTGATCACCCTCCAGATTGGTTGGAAGAAGTTGGTGAAGGTCTTCGCGAGTTTTTGGGCCTTGAAGCGGGCCCACCGAAACCAAAACCCAATCAGCAGCATCAAGATCAAGCCCGTGGTCTTGTGCTGCCTGGTTATAACTATCTCGGACCCGGAAACGGTCTCGATCGAGGAGAGCCTGTCAACAGGGCAGACGAGGTCGCGCGAGAGCACGACATCTCGTACAACGAGCAGCTTGAGGCGGGAGACAACCCCTACCTCAAGTACAACCACGCGGACGCCGAGTTTCAGGAGAAGCTCGCCGACGACACATCCTTCGGGGGAAACCTCGGAAAGGCAGTCTTTCAGGCCAAGAAAAGGGTTCTCGAACCTTTTGGCCTGGTTGAAGAGGGTGCTAAGACGGCCCCTACCGGAAAGCGGATAGACGACCACTTTCCAAAAAGAAAGAAGGCTCGGACCGAAGAGGACTCCAAGCCTTCCACCTCGTCAGACGCGGAGACGCAGACTCAGTACCTGACCCCCAGCCTCTCGGACAGCCACCAGCAGCCCCCTCTGGTCTGGGAACTAATACGATGGCTACAGGCAGTGGCGCACCAATGGCAGACAATAACGAGGGCGCCGACGGAGTGGGTAATTCCTCGGGAAATTGGCATTGCGATTCCACATGGATGGGCGACAGAGTCATCACCACCAGCACCCGAACCTGGGCCCTGCCCACCTACAACAACCACCTCTACAAACAAATTTCCAGCCAATCAGGAGCCTCGAACGACAATCACTACTTTGGCTACAGCACCCCTTGGGGGTATTTTGACTTCAACAGATTCCACTGCCACTTTTCACCACGTGACTGGCAAAGACTCATCAACAACAACTGGGGATTCCGACCCAAGAGACTCAACTTCAAGCTCTTTAACATTCAAGTCAAAGAGGTCACGCAGAATGACGGTACGACGACGATTGCCAATAACCTTACCAGCACGGTTCAGGTGTTTACTGACTCGGAGTACCAGCTCCCGTACGTCCTCGGCTCGGCGCATCAAGGAATGTCTGCCTCCGTTCCCGGCGGACGTCTTCATGGTTCCTCAGTACGGCTATTTAACTTTAAACAATGGAAGCCAAGCCCTGGGACGTTCCTCCTTCTACTGTCTGGAGTATTTCCCATCGCAGATGCTGAGAACCGGCAACAACTTTCAGTTCAGCTACACCTTCGAGGACGTGCCTTTCCACAGCAGCTACGCGCACAGCCAGAGCCTGGACAGGCTGATGAATCCCCTCATCGACCAGTACCTGTACTACCTGGTCAGAACGCAAACGACTGGAACTGGAGGGACGCAGACTCTGGCATTCAGCCAAGCGGGTCCTAGCTCAATGGCCAACCAGGCTAGAAATTGGGTGCCCGGACCTTGCTACCGGCAGCAGCGCGTCTCCACGACAACCAACCAGAACAACAACAGCAACTTTGCCTGGACGGGAGCTGCCAAGTTTAAGCTGAACGGCCGAGACTCTCTAATGAATCCGGGCGTGGCAATGGCTTCCCACAAGGATGACGACGACCGCTTCTTCCCTTCGAGCGGGGTCCTGATTTTTGGCAAGCAAGGAGCCAATGCCAACAACGCGGATTTGGAAAATGTCATGATTACAGATGAAGAAGAAATCCGCACCACCAATCCCGTGGCTACGGAGCAGTACGGGACTGTGTCAAATAATTTGCAAAACTCAAACGCTGGTCCAACTACTGGAACTGTCAATCACCAAGGAGCGTTACCTGGTATGGTGTGGCAGGATCGAGACGTGTACCTGCAGGGACCCATTTGGGCCAAGATTCCTCACACCGATGGACACTTTCATCCTTCTCCACTGATGGGAGGTTTTGGGCTCAAACACCCGCCTCCTCAGATCATGATCAAAAACACTCCCGTTCCAGCCAATCCTCCCACAAACTTTAGTGCGGCAAAGTTTGCTTCCTTCATCACACAGTACTCCACGGGGCAGGTCAGCGTGGAGATCGAGTGGGAGCTGCAGAAGGAGAACAGCAAACGCTGGAATCCCGAAATTCAGTACACTTCCAACTACAACAAATCTGTTAATGTGGACTTTACTGTGGACACTAATGGTGTGTATTCAGAGCCTCGCCCCATTGGCACCAGATACCTGACTCGTAATCTGTAA
AAV.100145_83,1,4.17,0,0,0,ATGGCTGCCGATGGTTATCTTCCAGATTGGCTCGAGGACAACCTCTCTGAGGGCATTCGCGAGTGGTGGGACTTGAAACCTGGAGCCCCGAAACCCAAAGCCAACCAGCAAAAGCAGGACGACGGCCGGGGTCTGGTGCTTCCTGGCTACAAGTACCTCGGACCCTTCAACGGACTCGACAAGGGGGAGCCCGTCAACGCGGCGGATGCAGCGGCCCTCGAGCACGACAAGGCCTACGACCAGCAGCTCAAAGCGGGTGACAATCCGTACCTGCGGTATAACCACGCCGACGCCGAGTTTCAGGAGCGTCTGCAAGAAGATACGTCTTTTGGGGGCAACCTCGGGCGAGCAGTCTTCCAGGCCAAGAAGAGGGTTCTCGAACCTTTTGGTCTGGTTGAGGAAGGTGCTAAGACGGCTCCTGGAAAGAAACGTCCGGTAGAGCAGTCGCCACCAGCGTTCTCCAGACTCCTCTACGGGCATCGGCAAGAAAGGCCAACAGCCCGCCAGAAAAAGACTCAATTTTGGTCAGACTGGCGACTCAGAGTCAGTTCCCCGACCCACAACCTCTCGGAGAACCTCCAGCAACCCCCGCTGCTGTGGGACCTACTACAATGGCTTCAGGCGGTGGCGCACCAATGGCAGACAATAACGAAGGCGCCGACGGAGTGGGTAATGCCTCAGGAAATTGGCATTGCGATTCCACATGGCTGGGCGACAGAGTCATCACCACCAGCACCCGAACATGGGCCTTGCCCACCTATAACAACCACCTCTACAAGCAAATCTCCAGTGCTTCAACGGGGGCCAGCAACGACAACCACTACTTCGGCTACAGCACCCCCTGGGGGTATTTTGATTTCAACAGATTCCACTGCCATTTCTCACCACGTGACTGGCAGCGACTCCATCAACAACAACTGGGGATTCCGGCCCAAGAGACTCAGCTTCAAGCTCTTCAACATCCAGGTCAAGGAGGTCACGCAGAATGAAGGCACCAAGACCATCGCCAATAACCTCACCAGCACCATCCAGGTGTTTACGGACTCGGAGTACCAGCTGCCGTACGTTCTCGGCTCTGCCCACCAGGGCTGCCTGCCTCCGTTCCCGGCGGACGTGTTCATGATTCCCCAGTACGGCTACCTAACACTCAACAACGGTAGTCAGGCCGTGGGACGCTCCTCCTTCTACTGCCTGGAATACTTTCCTTCGCAGATGCTGAGAACCGGCAACAACTTCCAGTTTACTTACACCTTCGAGGACGTGCCTTTCCACAGCAGCTACGCCCACAGCCAGAGCTTGGACCGGCTGATGAATCCTCTGATTGACCAGTACCTGTACTACTTGTCTCGGACTCAAACAACAGGAGGCACGGCAAATACGCAGACTCTGGGCTTCAGCCAAGGTGGGCCTAATACAATGGCCAATCAGGCAAAGAACTGGCTGCCAGGACCCTGTTACCGCCAACAACGCGTCTCAACGACAACCGGGCAAAACAACAATAGCAACTTTGCCTGGACTGCTGGGACCAAATATAACCTTAATGGGCGTGAATCTATAATCAACCCTGGCACTGCTATGGCCTCACACAAAGACGACAAAGACAAGTTCTTTCCCATGAGCGGTGTCATGATTTTTGGAAAGGAGAGCGCCGGAGCTTCAAACACTGCATTGGACAATGTCATGATCACAGACGAAGAGGAAATCAAAGCCACTAACCCCGTGGCCACCGAAAGATTTGGGACTGTGGCAGTCAATCTCCAGAGCAGCAGCACAGACCCTGCGACCGGAGATGTGCATGTTATGGGAGCCTTACCTGGAATGGTGTGGCAAGACAGAGACGTATACCTGCAGGGTCCTATTTGGGCCAAAATTCCTCACACGGATGGACACTTTCACCCGTCTCCTCTCATGGGCGGCTTTGGACTTAAGCACCCGCCTCCTCAGATCCTCATCAAAAACACGCCTGTTCCTGCGAATCCTCCGGCAGAGTTTTCGGCTACAAAGTTTGCTTCATTCATCACCCAGTATTCCACAGGACAAGTGAGCGTGGAGATTGAATGGGAGGCTGCAGAAGGAAAACAGCAAGCGCTGGAACCCGGAGATCCAGTACACTTCCAACTATTACAAGTCTAA
AAV.100085_4,1,4.17,0,0,0,ATGTCTTTTGTTGATCACCCTCCAGATTGGTTGGAAGAAGTTGGTGAAGGTCTTCGCGAGTTTTTGGGCCTTGAAGCGGGCCCACCGAAACCAAAACCCAATCAGCAGCATCAAGATCAAGCCCGTGGTCTTGTGCTGCCTGGTTATAACTATCTCGGACCCGGAAACGGTCTCGATCGAGGAGAGCCTGTCAACAGGGCAGACGAGGTCGCGCGAGAGCACGACATCTCGTACAACGAGCAGCTTGAGGCGGGAGACAACCCCTACCTCAAGTACAACCACGCGGACGCCGAGTTTCAGGAGAAGCTCGCCGACGACACATCCTTCGGGGGAAACCTCGGAAAGGCAGTCTTTCAGGCCAAGAAAAGGGTTCTCGAACCTTTTGGCCTGGTTGAAGAGGGTGCTAAGACGGCCCCTACCGGAAAGCGGATAGACGACCACTTTCCAAAAAGAAAGAAGGCTCGGACCGAAGAGGACTCCACCAGCAGCCCGCTAAAAAGAGACTCAATTTTGGTCAGACTGGCGACTCAGAGTCAGTCCCCGACCCACAACCTCTCGGAGAACCTCCAGCAACCCCCGCTGCTGTGGGACCTACTACAATGGCTTCAGGCGGTGGCGCACCAATGGCAGACAATAACGAAGGCGCCGACGGAGTGGGTAATGCCTCAGGAAATTGGCATTGCGATTCCACATGGCTGGGCGACAGAGTCATCACCACCAGCACCCGAACATGGGCCTTGCCCACCTATAACAACCACCTCTACAAGCAAATCTCCAGTGCTTCAACGGGGGCCAGCAACGACAACCACTACTTCGGCTACAGCACCCCCTGGGGGTATTTTGATTTCAACAGATTCCACTGCCATTTCTCACCACGTTGACTGGCAACGACTCATCAACAACAATTGGGGATTCCGGCCCAAAAGACTCAACTTCAAGCTGTTCAACATCCAGGTCAAGGAAGTCACGACGAACGAAGGCACCAAGACCATCGCCAATAATCTCACCAGCACCGTGCAGGTCTTTACGGACTCGGAGTACCAGTTACCGTACGTGCTAGGATCCGCTCACCAGGGATGTCTGCCTCCGTTCCCGGCGGACGTCTTCATGGTTCCTCAGTACGGCTATTTAACTTTAAACAATGGAAGCCAAGCCCTGGGACGTTCCTCCTTCTACTGTCTGGAGTATTTCCCATCGCAGATGCTGAGAACCGGCAACAACTTTCAGTTCAGCTACACCTTCGAGGACGTGCCTTTCCACAGCAGCTACGCGCACAGCCAGAGCCTGGACAGGCTGATGAATCCCCTCATCGACCAGTACCTGTACTACCTGGTCAGAACGCAAACGACTGGAACTGGAGGGACGCAGACTCTGGCATTCAGCCAAGCGGGTCCTAGCTCAATGGCCAACCAGGCTAGAAATTGGGTGCCCGGACCTTGCTACCGGCAGCAGCGCGTCTCCACGACAACCAACCAGAACAACAACAGCAACTTTGCCTGGACGGGAGCTGCCAAGTTTAAGCTGAACGGCCGAGACTCTCTAATGAATCCGGGCGTGGCAATGGCTTCCCACAAGGATGACGACGACCGCTTCTTCCCTTCGAGCGGGGTCCTGATTTTTGGCAAGCAAGGAGCCGGGAACGATGGAGTGGATTACAGCCAAGTGCTGATTACAGATGAGGAAGAAATCAAGGCTACCAACCCCGTGGCCACAGAAGAATATGGAGCAGTGGCCATCAACAACCAGGCCGCCAATACGCAGGCGCAAGACCGGCTGGGTTCAAAACCAAGGAATACTTCCGGGTATGGTTTGGCAGGACAGAGATGTGTACCTGCAAGGACCCATTTGGGCCAAAATTCCTCACACGGACGGCAACTTTCACCCTTCTCCGCTGATGGGAGGGTTTGGAATGAAGCACCCGCCTCCTCAGATCCTCATCAAAAACACACCTGTACCTGCGGATCCTCCAACGGCCTTCAACAAGGACAAGCTGAACTCTTTCATCACCCAGTATTCTACTGGCCAAGTCAGCGTGGAGATCGAGTGGGAGCTGCAGAAGGAAAACAGCAAGCGCTGGAACCCGGAGATCCAGTACACTTCCAACTATTACAAGTCTAA
AAV.100176_9,1,4.17,0,0,0,ATGTGGTGGAAGCTCAAACCTGGCCCACCACCACCAAAGCCCGCAGAGCGGCATAAGGACGACAGCAGGGGTCTTGTGCTTCCTGGGTACAAGTACCTCGGACCCTTCAACGGACTCGACAAGGGAGAGCCGGTCAACGAGGCAGACGCCGCGGCCCTCGAGCACGACAAAGCCTACGACCGGCAGCTCGACAGCGGAGACAACCCGTACCTCAAGTACAACCACGCCGACGCGGAGTTTCAGGAGCGCCTTAAAGAAGATACGTCTTTTGGGGGCAACCTCGGACGAGCAGTCTTCCAGGCGAAAAAGAGGGTTCTTGAACCTCTGGGCCTGGTTGAGGAACCTGTTAAGACGGCTCCGGGAAAAAAGAGGCCGGTAGAGCACTCTCCTGTGGAGCCAGACTCCTCCTCGGGAACCGGAAAGGCGGGCCAGCAGCCTGCAAGAAAAAGATTGAATTTTGGTCAGACTGGAGACGCAGACTCAGTACCTGACCCCCAGCCTCTCGGACAGCCACCAGCAGCCCCCTCTGGTCTGGGAACTAATACGATGGCTACAGGCAGTGGCGCACCAATGGCAGACAATAACGAGGGCGCCGACGGAGTGGGTAATTCCTCCGGGAAATTGGCATTGCGATTCCACATGGCTGGGCGACAGAGTCATCACCACCAGCACCCGAACCTGGGCCCTGCCCACCTACAACAACCACCTCTACAAGCAAATCTCCAACGGGACATCGGGAGGAGCCACCAACCGACAACACCTACTTCGGCTACAGCACCCCCTGGGGGTATTTTGACTTTAACAGATTCCACTGCCACTTCTCACCACGTGACTGGCAGCGACTCATCAACAACAACTGGGGATTCCGGCCCAAGAAGCTGCGGTTCAAGCTCTTCAACATCCAGGTCAAGGAGGTCACGACGAATGACGGCGTTACGACCATCGCTAATAACCTTAACCAGCACGGTTCAAGTCTTCTCGGACTCGGAGTACCAGTTGCCGTACGTCCTCGGCTCTGCGCACCAGGGCTGCCTCCCTCCGTTCCCGGCGGACGTGTTCATGATTCCGCAGTACGGCTACCTAACGCTCAACAATGGCAGCCAGGCAGTGGGACGGTCATCCTTTTACTGCCTGGAATATTTCCCATCGCAGATGCTGAGAACGGGCAATAACTTTACCTTCAGCTACACCTTCGAGGACGTGCCTTTCCACAGCAGCTACGCGCACAGCCAGAGCCTGGACCGGCTGATGAATCCTCTCATCGACCAGTACCTGTATTACCTGAACAGAACTCAGAATCAGTCCGGAAGTGCCCAAAACAAGGACTTGCTGTTTAGCCGGGGGTCTCCAGCTGGCATGTCTGTTCAGCCCAAAAACTGGCTACCTGGACCCTGTTACCGGCAGCAGCGCGTTTCTAAAACAAAAACAGACAACAACAACAGCAACTTTCCCTGGACTGGTGCCACCAAATATCATCTGAATGGCCGGGACTCATTGGTGAACCCGGGCCCTGCTATGGCCAGTCACAAGGATGACAAAGAAAAGTTTTTCCCCATGCATGGAACCCTGATATTTGGTAAAGAAGGAACAAATGCCAACAACGCGGATTTGGAAAATGTCATGATTACAGATGAAGAAGAAATCCGCACCACCAATCCCGTGGCTACGGAGCAGTACGGGACTGTGTCAAATAATTTGCAAAACTCAAACGCTGGTCCAACTACTGGAACTGTCAATCACCAAGGAGCGTTACCTGGTATGGTGTGGCAGGATCGAGACGTGTACCTGCAGGGACCCATTTGGGCCAAGATTCCTCACACCGATGGACACTTTCATCCTTCTCCACTGATGGGAGGTTTTGGGCTCAAAACACCCGCCTCCTCAGATCATGATCAAAAACACTCCCGTTCCAGCCAATCCTCCCACAAACTTTAG
AAV.100025_22,1,4.17,0,0,0,ATGGCTGCCGATGGTTATCTTCCAGATTGGCTCGAGGACACTCTCTCTGAAGGAATAAGACAGTGGTGGAAGCTCAAACCTGGCCCACCACCACCAAAGCCCGCAGAGCGGCATAAGGACGACAGCAGGGGTCTTGTGCTTCCTGGGTACAAGTACCTCGGACCCTTCAACGGACTCGACAAGGGAGAGCCGGTCAACGAGGCAGACGCCGCGGCCCTCGAGCACGACAGAAGCCTACGACCGGCAGCTCGACAGCGGAGACAACCCGTACCTCAAGTACGAACCACGCCGACGCTGGAGTTTCAGGAGCGCCTTAAAGAAGATACGTCTTTTGGGGGCAACCTCGGACGAGCAGTCTTCCAGGCGAAAAAGAGGGTTCTTGAACCTCTGGGCCTGGTTGAGGAACCTGTTAAGACGGCTCCGGGAAAAAAGAAGACCGGTAGAGCCATCACCCCAGCGTTCTCCAGACTCCTCTACGGGCATCGGCAAGAAAGGCCAACAGCCCGCCAGAAAAAGACTCAATTTTGGTCAGACTGGCGACTCAGAGTCAGTTCCAGACCCTCAACCTCTCGGAGAAGCCACCAGCAGCCCCCTCTGGTCTGGGAACTAATACGATGGCTACAGGCAGTGGCGCACCAATGGCAGACAATAACGAGGGCGCCGACGGAGTGGGTAATTCCTCGGGAAATTGGCATTGCGATTCCACATGGATGGGCGACAGAGTCATCACCACCAGCACCCGAACCTGGGCCCTGCCCACCTACAACAACCACCTCTACAAACAAATTTCCAGCCAATCAGGAGCCTCGAACGACAATCACTACTTTGGCTACAGCACCCCTTGGGGGTATTTTGACTTCAACAGATTCCACTGCCACTTTTCACCACGTGACTGGCAAAGACTCATCAACAACAAACTGGGGATTCCGGCCCAAGAAGCTGCGGTTCAAGCTCTTCAACATCCAGGTCAAGGAGGTCACGACGAATGACGGCGTTACGACCATCGCTAATAACCTTACCAGCACGATTCAGGTATTCTCGGACTCGGAATACCAGCTGCCGTACGTCCTCGGCTCTGCGCACCAGGGCTGCCTGCCTCCGTTCCCGGCGGACGTCTTCATGATTCCTCAGTACGGCTACCTGACTCTCAACAATGGCAGTCAGTCTGTGGGACGTTCCTCCTTCTACTGCCTGGAGTACTTCCCCTCTCAGATGCTGAGAACGGGCAACAACTTTGAGTTCAGCTACAGCTTCGAGGACGTGCCTTTCCACAGCAGCTACGCACACAGCCAGAGCCTGGACCGGCTGATGAATCCCCTCATCGACCAGTACTTGTACTACCTGGCCAGAACACAGAGTAACCCAGGAGGCACAGCTGGCAATCGGGAACTGCAGTTTTACCAGGGCGGGCCTTCAACTATGGCCGAACAAGCCAAGAATTGGTTACCTGGACCTTGCTTCCGGCAACAAAGAGTCTCCAAAACGCTGGATCAAAACAACAACAGCAACTTTGCCTGGACGGGAGCTGCCAAGTTTAAGCTGAACGGCCGAGACTCTCTAATGAATCCGGGCGTGGCAATGGCTTCCCACAAGGATGACGACGACCGCTTCTTCCCTTCGAGCGGGGTCCTGATTTTTGGCAAGCAAGGAGCCGGGAACGATGGAGTGGATTACAGCCAAGTGCTGATTACAGATGAGGAAGAAATCAAGGCTACCAACCCCGTGGCCACAGAAGAATATGGAGCAGTGGCCATCAACAACCAGGCCGCCAATACGCAGGCGCAGACCGGACTCGTGCACAACCAGGGGGTGATTCCCGGCATGGTGTGGCAGAATAGAGACTGTGTACCTTCAGGGGCCCATCTGGGCAAAGATTCCACACACGGACGGACATTTTCACCCCTCTCCCCTCATGGGTGGATTCGGACTTAA
AAV.100037_50,1,4.17,0,0,0,ATGGCTGCCGATGGTTATCTTCCAGATTGGCTCGAGGACAACCTCTCTGAGGGCATTCGCGAGTGGTGGGACTTGAAACCTGGAGCCCCGAAACCCAAAGCCAACCAGCAAAAGCAGGACGACGGCCGGGGTCTGGTGCTTCCTGGCTACAAGTACCTCGGACCCTTCAACGGACTCGACAAGGGGGAGCCCGTCAACGCGGCGGATGCAGCGGCCCTCGAGCACGACAAGGCCTACGACCAGCAGCTCAAAGCGGGTGACAATCCGTACCTGCGGTATAACCACGCCGACGCCGAGTTTCAGGAGCGTCTGCAAGAAGATACGTCTTTTGGGGGCAACCTCGGGCGAGCAGTCTTCCAGGCCAAGAAGAGGGTTCTCGAACCTTTTGGTCTGGTTGAGGAAGGTGCTAAGACGGCTCCTGGAAAGAAACGTCCGGTAGAGCAGTCGCCACAAGAGCCAGACTCCTCCTCGGGCATTGGCAAGACAGGCCAGCAGCCCGCTAAAAAGAGACTCAATTTTGGTCAGACTGGCGACTCAGAGTTGGACCCAGCGGATCCCAGCAGCTGCAAATCCCAGCCCAACCAGCCTCAAGTTTGGGAGCTGATACAATGTCTGCGGGAGGTGGCGGCCCATTGGGCGACAATAACCAAGGTGCCGATGGAGTGGGCAATGCCTCGGGAGATTGGCATTGCGATTCCACGTGGATGGGGGACAGAGTCGTCACCAAGTCCACCCGAACCTGGGTGCTGCCCAGCTACAACAACCACCAGTACCGAGAGATCAAAAGCGGCTCCGTCGACGGAAGCAACGCCAACGCCTACTTTGGATACAGCACCCCCTGGGGGTACTTTGACTTTAACCGCTTCCACAGCCACTGGAGCCCCCGAGACTGGCAAAGACTCATCAACAACTACTGGGGCTTCAGACCCCGGTCCCTCAGAGTCAAAATCTTCAACATTCAAGTCAAAGAGGTCACGGTGCAGGACTCCACCACCACCATCGCCAACAACCTCACCTCCACCGTCCAAGTGTTTACGGACGACGACTACCAGCTGCCCTACGTCGTCGGCAACGGGACCGAGGGATGCCTGCCGGCCTTCCCTCCGCAGGTCTTTACGCTGCCGCAGATACGGCTACCTGACGCTCAACAATGGCAGCCAAGCCGTGGGACGTTCATCCTTTTACTGCCTGGAATATTTCCCTTCTCAGATGCTGAGAACGGGCAACAACTTTACCTTCAGCTACACCTTTGAGGAAGTGCCTTTCCACAGCAGCTACGCGCACAGCCAGAGCCTGGACCGGCTGATGAATCCTCTCATCGACCAATACCTGTATTACCTGAACAGAACTCAAAATCAGTCCGGAAGTGCCCAAAACAAGGACTTGCTGTTTAGCCGTGGGTCTCCAGCTGGCATGTCTGTTCAGCCCAAAAACTGGCTACCTGGACCCTGTTATCGGCAGCAGCGCGTTTCTAAAACAAAAACAGACAACAACAACAGCAATTTTACCTGGACTGGTGCTTCAAAATATAACCTCAATGGGCGTGAATCCATCATCAACCCTGGCACTGCTATGGCCTCACACAAAGACGACGAAGACAAGTTCTTTCCCATGAGCGGTGTCATGATTTTTGGAAAAGAGAGCGCCGGAGCTTCAAACACTGCATTGGACAATGTCATGATTACAGACGAAGAGGAAATTAAAGCCACTAACCCTGTGGCCACCGAAAGATTTGGGACCGTGGCAGTCAATTTCCAGAGCAGCAGCACAGACAGCCCAGACACAAGTTGTCAACAACCAGGGAGCCTTACCTGGCATGGTCTGGCAGAACCGGGACGTGTACCTGCAGGGTCCCATCTGGGCCAAGATTCCTCACACGGATGGCAACTTTCACCCGTCTCCTTTGATGGGCGGCTTTGGACTTAA
AAV.100231_16,1,4.17,0,0,0,ATGGCTGCCGATGGTTATCTTCCAGATTGGCTCGAGGACAACCTCTCTGAGGGCATTCGCGAGTGGTGGGACTTGAAACCTGGAGCCCCGAAACCCAAAGCCAACCAGCAAAAGCAGGACGACGGCCGGGGTCTGGTGCTTCCTGGCTACAAGTACCTCGGACCCTTCAACGGACTCGACAAGGGGGAGCCCGTCAACGCGGCGGACGCAGCGGCCCTCGAGCACGACAAAGCCTACGACCAGCAGCTCAAAGCGGGTGACAATCCGTACCTGCGGTATAATCACGCCGACGCCGAGTTTCAGGAGCGTCTGCAAGAAGATACGTCTTTTGGGGGCAACCTCGGGCGAGCAGTCTTCCAGGCCAAGAAGCGGGTTCTCGAACCTCTCGGTCTGGTTGAGGAAGGCGCTAAGACGGCTCCTGGAAAGAAGAGACCGGTAGAGCAGTCGCCACAAGAGCCAGACTCCTCCTCGGGCATCGGCAAGACAGGCCAGCAGCCCGCTAAAAAGAGACTCAATTTTGGTCAGACTGGCGACTCAGAGTCAGTTCCAGACCCTCAACCTCTCGGAGAACCTCCAGCAGCGCCCTCTGGTGTGGGACCTAATACAATGGCTGCAGGCGGTGGCGCACCAATGGCAGACAATAACGAAGGCGCCGACGGAGTGGGTAGTTCCTCGGGAAATTGGCATTGCGATTCCACATGGCTGGGCGACAGAGTCATCACCACCAGCACCCGAACCTGGGCCCTGCCCACCTACAACAACCACCTCTACAAGCAAATCTCCAACGGGACATCGGGAGGAGCCACCAACGACAACACCTACTTCGGCTACAGCACCCCCTGGGGGTATTTTGACTTTAACAGATTCCACTGCCACTTTTCACCACGTGACTGGCAGCGACTCATCAACAACAACTGGGGATTCCGGCCCAAGAGACTCAGCTTCAAGCTCTTCAACATCCAGGTCAAGGAGGTCACGCAGAATGAAGGCACCAAGACCATCGCCAATAACCTCACCAGCACCATCCAGGTGTTTACGGACTCGGAGTACCAGCTGCCGTACGTTCTCGGCTCTGCCCACCAGGGCTGCCTGCCTCCGTTCCCGGCGGACGTGTTCATGATTCCCCAGTACGGCTACCTAACACTCAACAACGGTAGTCAGGCCGTGGGCCGTTCCTCCTTCTACTGCCTGGAGTACTTTCCTTCTCAAATGCTGAGAACGGGCAACAACTTTGAGTTCAGCTACCAGTTTGAGGACGTGCCTTTTCACAGCAGCTACGCGCACAGCCAAAGCCTGGACCGGCTGATGAACCCCCTCATCGACCAGTACCTGTACTACCTGTCTCGGACTCAGTCCACGGGAGGTACCGCAGGAACTCAGCAGTTGCTATTTTCTCAGGCCGGGCCTAATAACATGTCGGCTCAGGCCAAAAACTGGCTACCCGGGCCCTGCTACCGGCAGCAACGCGTCTCCACGACACTGTCGCAAAATAACAACAGCAACTTTGCCTGGACCGGTGCCACCAAGTATCATCTGAATGGCAGAGACTCTCTGGTAAATCCCGGTGTCGCTATGGCAACCCACAAGGACGACGAAGAGCGATTTTTTCCGTCCAGCGGAGTCTTAATGTTTGGGAAACAGGGAGCTGGAAAAGACAACGTGGACTATAGCAGCGTTATGCTAACCAGTGAGGAAGAAATTAAAACCACCAACCCAGTGGCCACAGAACAGTACGGCGTGGTGATCTACCAACCTCCAGAGAGGCAACAGACAAGCAGCTACCGCAGATGTCAACACACAAGGCGTTCTTCCAGGCATGGTCTGGCAGGACAGAGATGTGTACCTTCAGGGGCCCATCTGGGCAAAGATTCCACACACGGACGGACATTTTCACCCCTCTCCCCTCATGGGTGGATTCGGACTTAA
